{"cameraMode":{"drawMode":0,"name":"Shaded","section":"Shading Mode"},"sceneLighting":true,"audioPlay":false,"sceneViewState":{"m_AlwaysRefresh":false,"showFog":true,"showSkybox":true,"showFlares":true,"showImageEffects":true,"showParticleSystems":true,"showVisualEffectGraphs":true,"m_FxEnabled":true},"in2DMode":false,"pivot":{"x":69.05201721191406,"y":-15.543048858642579,"z":11.563316345214844},"rotation":{"x":0.6811930537223816,"y":0.0043937163427472118,"z":-0.004085744731128216,"w":0.7320935726165772},"size":20.16624641418457,"orthographic":false}