{"cameraMode":{"drawMode":0,"name":"Shaded","section":"Shading Mode"},"sceneLighting":true,"audioPlay":false,"sceneViewState":{"m_AlwaysRefresh":false,"showFog":true,"showSkybox":true,"showFlares":true,"showImageEffects":true,"showParticleSystems":true,"showVisualEffectGraphs":true,"m_FxEnabled":true},"in2DMode":false,"pivot":{"x":5.448794364929199,"y":-4.701485633850098,"z":8.46460247039795},"rotation":{"x":0.3319230079650879,"y":-0.016978422179818155,"z":0.0059752799570560459,"w":0.9431359171867371},"size":10.384846687316895,"orthographic":false}