{"cameraMode":{"drawMode":0,"name":"Shaded","section":"Shading Mode"},"sceneLighting":true,"audioPlay":false,"sceneViewState":{"m_AlwaysRefresh":false,"showFog":true,"showSkybox":true,"showFlares":true,"showImageEffects":true,"showParticleSystems":true,"showVisualEffectGraphs":true,"m_FxEnabled":true},"in2DMode":false,"pivot":{"x":299.78826904296877,"y":1.2554056644439698,"z":76.29259490966797},"rotation":{"x":0.2978804111480713,"y":-0.20411957800388337,"z":0.06536402553319931,"w":0.9302525520324707},"size":2.666025161743164,"orthographic":false}