{"cameraMode":{"drawMode":0,"name":"Shaded","section":"Shading Mode"},"sceneLighting":true,"audioPlay":false,"sceneViewState":{"m_AlwaysRefresh":false,"showFog":true,"showSkybox":true,"showFlares":true,"showImageEffects":true,"showParticleSystems":true,"showVisualEffectGraphs":true,"m_FxEnabled":true},"in2DMode":false,"pivot":{"x":0.26136934757232668,"y":-4.743000507354736,"z":6.734065532684326},"rotation":{"x":0.33996614813804629,"y":-0.24797457456588746,"z":0.0934237614274025,"w":0.9023469090461731},"size":6.107108116149902,"orthographic":false}